0,University of Albuquerque
1,George Peabody College for Teachers
2,Alabama A&M University
3,University of Alabama - Birmingham
4,University of Alabama - Huntsville
5,Alabama State University
6,University of Alabama - Tuscaloosa
7,Athens State University
8,Auburn University at Montgomery
9,Auburn University
10,Birmingham-Southern College
11,Jacksonville State University
12,University of West Alabama
13,Miles College
14,University of Montevallo
15,University of North Alabama
16,Oakwood University
17,Selma University
18,University of South Alabama - Mobile
19,Stillman College
20,Talladega College
21,H. Councill Trenholm State Community College
22,Troy University
23,Tuskegee University
24,University of Alaska - Anchorage
25,University of Alaska - Fairbanks
26,University of Alaska - Southeast
27,Alaska Pacific University
28,Thunderbird School of Global Management
29,Arizona State University
30,University of Arizona
31,Dine College
32,Northern Arizona University
33,Prescott College
34,University of Arkansas - Little Rock
35,University of Arkansas for Medical Sciences
36,Lyon College
37,University of Arkansas - Fayetteville
38,University of Arkansas - Pine Bluff
39,Arkansas State University - Jonesboro
40,Arkansas Tech University
41,University of Arkansas - Monticello
42,University of Central Arkansas
43,Harding University
44,Henderson State University
45,Hendrix College
46,John Brown University
47,Ouachita Baptist University
48,Philander Smith College
49,Southern Arkansas University - Magnolia
50,Art Center College of Design
51,Azusa Pacific University
52,Biola University
53,California Institute of Integral Studies
54,University of California Hastings College of Law
55,California Institute of Technology
56,California Lutheran University
57,California Polytechnic State Univ - San Luis Obispo
58,California School of Professional Psych - Fresno
59,California School of Professional Psych - Los Angeles
60,Alliant International University
61,California School Prof Psych-Berkeley/Alameda
62,California State University - Bakersfield
63,California State University - Stanislaus
64,California State University - San Bernardino
65,California State Polytechnic University - Pomona
66,California State University - Chico
67,California State University - Dominguez Hills
68,California State University - Fresno
69,California State University - Fullerton
70,California State University - East Bay
71,California State University - Long Beach
72,California State University - Los Angeles
73,California State University - Northridge
74,California State University - Sacramento
75,University of California - Berkeley
76,University of California - Davis
77,University of California - Irvine
78,University of California - Los Angeles
79,University of California - Riverside
80,University of California - San Diego
81,University of California - San Francisco
82,University of California - Santa Barbara
83,University of California - Santa Cruz
84,California State University - Maritime Academy
85,Chapman University
86,Charles R. Drew University of Medicine and Science
87,Claremont Graduate University
88,Claremont McKenna College
89,Western University of Health Sciences
90,Dominican University of California
91,Fielding Graduate University
92,Fuller Theological Seminary
93,Golden Gate University (Multiple campuses)
94,Harvey Mudd College
95,Humboldt State University
96,Immaculate Heart College
97,John F. Kennedy University
98,Life Chiropractic College West
99,La Sierra University
100,Loma Linda University
101,Loyola Marymount University
102,Mills College
103,Mount Saint Mary's University (CA)
104,National Hispanic University
105,National University
106,Naval Postgraduate School
107,Occidental College
108,Palo Alto University
109,Pacific Union College
110,University of the Pacific
111,Pepperdine University
112,Pitzer College
113,Point Loma Nazarene University
114,Pomona College
115,Pardee RAND Graduate School
116,University of Redlands
117,San Diego State University
118,University of San Diego
119,San Francisco State University
120,University of San Francisco
121,San Jose State University
122,Santa Clara University
123,Scripps College
124,Sonoma State University
125,Vanguard University of Southern California
126,Marshall B. Ketchum University
127,University of Southern California
128,Claremont School of Theology
129,University of California System Admin Central Office
130,U.S. International University
131,Westmont College
132,Whittier College
133,Wright Institute
134,University of Colorado - Denver/Anschutz Medical
135,University of Colorado - Colorado Springs
136,University of Colorado - Boulder
137,Colorado College
138,Colorado School of Mines
139,Colorado State University - Fort Collins
140,University of Denver
141,Fort Lewis College
142,Colorado Mesa University
143,Metropolitan State University of Denver
144,University of Northern Colorado
145,Regis University
146,Colorado State University - Pueblo
147,U.S. Air Force Academy
148,Western Colorado University
149,University of Bridgeport
150,Central Connecticut State University
151,Connecticut College
152,University of Connecticut - Storrs
153,Eastern Connecticut State University
154,Fairfield University
155,Rensselaer at Hartford
156,Hartford Seminary
157,University of Hartford
158,University of New Haven
159,Quinnipiac University
160,University of Saint Joseph (CT)
161,Southern Connecticut State University
162,Trinity College (CT)
163,U.S. Coast Guard Academy
164,Wesleyan University
165,Western Connecticut State University
166,Yale University
167,Delaware State University
168,University of Delaware
169,American University
170,Catholic University of America
171,University of the District of Columbia
172,Gallaudet University
173,George Washington University
174,Georgetown University
175,Howard University
176,Barry University
177,Bethune-Cookman University
178,Eastern Florida State College
179,University of Central Florida
180,Eckerd College
181,Florida SouthWestern State College
182,Embry Riddle Aeronautical University - Daytona Beach
183,Florida A&M University
184,Florida Atlantic University
185,Florida Institute of Technology
186,Florida International University
187,College of the Florida Keys
188,Florida Southern College
189,Florida State University
190,University of Florida
191,Jacksonville University
192,Keiser University - Ft. Lauderdale
193,University of Miami
194,University of North Florida
195,Nova Southeastern University
196,Rollins College
197,University of South Florida - Tampa
198,St. Thomas University
199,Stetson University
200,University of Tampa
201,University of West Florida
202,Agnes Scott College
203,Albany State University
204,Armstrong State University
205,Clark Atlanta University
206,Berry College
207,Columbus State University
208,Emory University
209,Fort Valley State University
210,Georgia Institute of Technology
211,Georgia College and State University
212,Georgia Southern University
213,Georgia State University
214,University of Georgia
215,Life University
216,Mercer University
217,Morehouse College
218,Morehouse School of Medicine
219,Morris Brown College
220,Paine College
221,Savannah State University
222,Spelman College
223,Southern Polytechnic State University
224,Valdosta State University
225,Wesleyan College
226,University of West Georgia
227,University of Hawaii - Hilo
228,University of Hawaii - Manoa
229,Hawaii Pacific University
230,University of Hawaii Maui College
231,University of Hawaii System Office
232,University of Hawaii - West Oahu
233,Boise State University
234,Idaho State University
235,University of Idaho
236,Lewis-Clark State College
237,Northwest Nazarene University
238,Augustana College (IL)
239,Bradley University
240,Midwestern University (IL)
241,Chicago School of Professional Psychology - Chicago
242,Chicago State University
243,University of Chicago
244,Columbia College - Chicago
245,DePaul University
246,Eastern Illinois University
247,Elmhurst College
248,Governors State University
249,Rosalind Franklin University of Medicine and Science
250,University of Illinois - Chicago
251,Benedictine University
252,Illinois College of Optometry
253,University of Illinois - Urbana-Champaign
254,Illinois Wesleyan University
255,Illinois Institute of Technology
256,Illinois State University
257,Knox College
258,Lake Forest College
259,Loyola University Chicago
260,National University of Health Sciences
261,North Central College
262,Northern Illinois University
263,Northwestern University
264,Northeastern Illinois University
265,Olivet Nazarene University
266,Roosevelt University
267,Dominican University
268,Rush University
269,University of Illinois - Springfield
270,Southern Illinois University - Carbondale
271,Southern Illinois University - Edwardsville
272,Triton College
273,Western Illinois University
274,Wheaton College (IL)
275,Ball State University
276,Butler University
277,DePauw University
278,Earlham College
279,University of Evansville
280,Purdue University - Fort Wayne
281,Indiana University-Purdue University - Indianapolis
282,University of Southern Indiana
283,Indiana State University
284,Indiana University - Kokomo
285,Indiana University - South Bend
286,Indiana University - Bloomington
287,Indiana University - Northwest
288,Indiana University - Southeast
289,Indiana University - East
290,Manchester University
291,Indiana Wesleyan University
292,University of Notre Dame
293,Purdue University - Calumet
294,Purdue University - North Central
295,Rose-Hulman Institute of Technology
296,Taylor University
297,Valparaiso University
298,Wabash College
299,Central College (IA)
300,Coe College
301,Cornell College
302,Dordt University
303,Drake University
304,Grinnell College
305,Iowa State University
306,University of Iowa
307,Loras College
308,Luther College
309,Maharishi University of Management
310,University of Northern Iowa
311,Des Moines University-Osteopathic Medical Center
312,Palmer College of Chiropractic (IA)
313,Wartburg College
314,Benedictine College
315,Emporia State University
316,Fort Hays State University
317,Haskell Indian Nations University
318,University of Kansas - Lawrence
319,University of Kansas Medical Center
320,Kansas State University
321,Pittsburg State University
322,Washburn University
323,Wichita State University
324,Bellarmine University
325,Berea College
326,Centre College
327,Eastern Kentucky University
328,Kentucky State University
329,University of Kentucky
330,University of Louisville
331,Morehead State University
332,Murray State University
333,Northern Kentucky University
334,Spalding University
335,Western Kentucky University
336,Dillard University
337,Grambling State University
338,Louisiana State University Health Sciences Ctr - New Orleans
339,Louisiana State University - Baton Rouge
340,Louisiana State University - Shreveport
341,Louisiana Tech University
342,Loyola University - New Orleans
343,McNeese State University
344,University of New Orleans
345,Nicholls State University
346,University of Louisiana - Monroe
347,Northwestern State University of Louisiana
348,Southeastern Louisiana University
349,Southern University and A&M College
350,Southern University - New Orleans
351,University of Louisiana - Lafayette
352,Tulane University
353,Xavier University of Louisiana
354,Bates College
355,Bowdoin College
356,Colby College
357,University of Maine - Machias
358,University of Maine - Orono
359,Maine Maritime Academy
360,University of New England
361,Saint Joseph's College of Maine
362,University of Southern Maine
363,Unity College
364,University of Baltimore
365,Bowie State University
366,Capitol Technology University
367,Washington Adventist University
368,Coppin State University
369,Frostburg State University
370,Goucher College
371,Johns Hopkins University
372,Loyola University Maryland
373,University of Maryland - Baltimore
374,University of Maryland - Baltimore County
375,University of Maryland - College Park
376,Maryland Institute College of Art
377,University of Maryland - Eastern Shore
378,Morgan State University
379,Salisbury University
380,St. Mary's College of Maryland
381,Sojourner-Douglass College
382,Towson University
383,Maryland University of Integrative Health
384,Uniformed Services University of the Health Sciences
385,U.S. Naval Academy
386,McDaniel College
387,Hult International Business School
388,Amherst College
389,Babson College
390,Bentley University
391,Boston College
392,Boston University
393,Brandeis University
394,Bridgewater State University
395,Clark University (MA)
396,Emerson College
397,Emmanuel College (MA)
398,Fitchburg State University
399,Framingham State University
400,Gordon College (MA)
401,Hampshire College
402,Harvard University
403,College of the Holy Cross
404,Lesley University
405,University of Massachusetts - Lowell
406,Woods Hole Oceanographic Institution
407,University of Massachusetts - Amherst
408,University of Massachusetts - Boston
409,MCPHS University
410,University of Massachusetts - Central Office
411,Massachusetts Institute of Technology
412,University of Massachusetts Medical Sch - Worcester
413,Merrimack College
414,MGH Institute of Health Professions
415,Mount Holyoke College
416,New England College of Optometry
417,New England School of Acupuncture
418,Northeastern University
419,Radcliffe Institute for Advanced Study
420,Regis College
421,Simmons University
422,Smith College
423,University of Massachusetts - Dartmouth
424,Stonehill College
425,Suffolk University
426,Tufts University
427,Wellesley College
428,Wentworth Institute of Technology
429,Western New England University
430,Wheaton College (MA)
431,Williams College
432,Worcester Polytechnic Institute
433,Albion College
434,Alma College
435,Andrews University
436,Calvin University
437,Central Michigan University
438,University of Detroit Mercy
439,Eastern Michigan University
440,Ferris State University
441,Kettering University
442,Grand Valley State University
443,Hope College
444,Kalamazoo College
445,Lake Superior State University
446,Lawrence Technological University
447,University of Michigan - Ann Arbor
448,Michigan State University
449,Michigan Technological University
450,University of Michigan - Dearborn
451,University of Michigan - Flint
452,Northern Michigan University
453,Oakland University
454,Saginaw Valley State University
455,Wayne State University
456,Western Michigan University
457,Augsburg University
458,Bemidji State University
459,Carleton College
460,Concordia College at Moorhead
461,Gustavus Adolphus College
462,Hamline University
463,Macalester College
464,Minnesota State University - Mankato
465,Metropolitan State University
466,University of Minnesota - Twin Cities
467,University of Minnesota - Crookston
468,University of Minnesota - Duluth
469,University of Minnesota - Morris
470,Minnesota State University - Moorhead
471,Northwestern Health Sciences University
472,College of Saint Benedict
473,Saint Cloud State University
474,Saint John's University (MN)
475,Saint Mary's University of Minnesota
476,St. Olaf College
477,College of Saint Scholastica
478,University of St. Thomas (MN)
479,St. Catherine University (MN)
480,Southwest Minnesota State University
481,Winona State University
482,Alcorn State University
483,Delta State University
484,Jackson State University
485,Millsaps College
486,University of Mississippi - Oxford
487,University of Mississippi Medical Center
488,Mississippi University for Women
489,Mississippi Valley State University
490,Mississippi College
491,Mississippi State University
492,Rust College
493,University of Southern Mississippi
494,Tougaloo College
495,William Carey University
496,University of Central Missouri
497,Forest Institute of Professional Psychology
498,Barnes-Jewish College Goldfarb School of Nursing
499,A.T. Still University of Health Sciences
500,Lincoln University (MO)
501,Logan University
502,Missouri Western State University
503,University of Missouri - Columbia
504,University of Missouri - Kansas City
505,Missouri University of Science and Technology
506,University of Missouri - St. Louis
507,University of Missouri - System Office
508,Truman State University
509,Northwest Missouri State University
510,Saint Louis University - St. Louis
511,Saint Louis Community College (Multiple campuses)
512,Southeast Missouri State University
513,Missouri State University - Springfield
514,Tarkio College
515,Kansas City University of Medicine and Biosciences
516,Washington University in St. Louis
517,Montana State University - Billings
518,Montana Technological University
519,Montana State University - Bozeman
520,University of Montana - Missoula
521,Montana State University - Northern
522,Salish Kootenai College
523,University of Montana - Western
524,Creighton University
525,Dana College
526,Doane University - Arts & Sciences
527,University of Nebraska - Kearney
528,University of Nebraska - Omaha
529,University of Nebraska Medical Center
530,Nebraska Wesleyan University
531,University of Nebraska - Lincoln
532,Peru State College
533,University of Nebraska - Central Admin System Office
534,College of Southern Nevada
535,University of Nevada - Las Vegas
536,University of Nevada - Reno
537,Colby-Sawyer College
538,Dartmouth College
539,University of New Hampshire - Durham
540,Keene State College
541,Plymouth State University
542,Camden County College
543,Drew University
544,Fairleigh Dickinson University
545,Rowan University
546,New Jersey City University
547,Kean University
548,Monmouth University
549,Montclair State University
550,New Jersey Institute of Technology
551,Princeton University
552,Ramapo College of New Jersey
553,Rider University
554,Rutgers University - Camden
555,Rutgers University - New Brunswick
556,Rutgers University - Newark
557,Seton Hall University
558,Stevens Institute of Technology
559,Stockton University
560,College of New Jersey
561,University of Medicine & Dentistry of New Jersey
562,William Paterson University of New Jersey
563,Eastern New Mexico University - Portales
564,New Mexico Highlands University
565,New Mexico Institute of Mining and Technology
566,University of New Mexico - Albuquerque
567,New Mexico State University - Las Cruces
568,Northern New Mexico College
569,Western New Mexico University
570,Adelphi University
571,Albany College of Pharmacy and Health Sciences
572,Albany Medical College
573,Alfred University
574,Bank Street College of Education
575,Bard College (NY)
576,Barnard College
577,Canisius College
578,City University of NY - System Office
579,Clarkson University
580,Colgate University
581,Columbia University
582,Cooper Union for the Advancement of Science & Art
583,Cornell University
584,Weill Cornell Medical College
585,City University of NY - Bernard M. Baruch College
586,City University of NY - Brooklyn College
587,City University of NY - College of Staten Island
588,City University of NY - City College
589,City University of NY - Graduate Schl and Univ Ctr
590,City University of NY - Hunter College
591,City University of NY - John Jay College Criminal Justice
592,City University of NY - Lehman College
593,City University of NY - Medgar Evers College
594,City University of NY - NYC College of Technology
595,City University of NY - Queens College
596,City University of NY - Queensborough Community College
597,City University of NY - York College
598,Daemen College
599,Dowling College
600,Fashion Institute of Technology
601,Fordham University
602,Hamilton College (NY)
603,Hartwick College
604,Hobart and William Smith Colleges
605,Hofstra University
606,Houghton College
607,Iona College
608,Ithaca College
609,Long Island University (Multiple campuses)
610,Manhattan College
611,Marist College
612,Mercy College (NY)
613,Icahn School of Medicine at Mount Sinai
614,New School
615,New York Chiropractic College
616,New York Law School
617,New York Medical College
618,New York University
619,Niagara University
620,New York Institute of Technology (Multiple campuses)
621,Pace University (Multiple campuses)
622,Polytechnic Institute of New York University
623,Pratt Institute - Brooklyn
624,Rensselaer Polytechnic Institute
625,Rochester Institute of Technology
626,University of Rochester
627,Rockefeller University
628,Russell Sage Colleges
629,St. Bonaventure University
630,St. Lawrence University
631,Sarah Lawrence College
632,Siena College
633,Skidmore College
634,St. John's University (NY)
635,State Univ. of New York - System Office
636,State Univ. of New York - College of Technology at Canton
637,State Univ. of New York - College of Technology at Delhi
638,State Univ. of New York - Coll of Agric and Techn at Cobleskill
639,Farmingdale State College
640,State Univ. of New York - Morrisville
641,University at Albany
642,Binghamton University
643,University at Buffalo
644,Stony Brook University
645,State Univ. of New York - Coll of Enviro Sci and Forestry
646,State Univ. of New York - Polytechnic Institute
647,State Univ. of New York - College at Brockport
648,State Univ. of New York - Buffalo State
649,State Univ. of New York - Cortland
650,State Univ. of New York - Fredonia
651,State Univ. of New York - College at Geneseo
652,State Univ. of New York - New Paltz
653,State Univ. of New York - Oneonta
654,State Univ. of New York - College at Oswego
655,State Univ. of New York - College at Potsdam
656,State Univ. of New York - Purchase College
657,State Univ. of New York - College of Optometry
658,State Univ. of New York - College at Old Westbury
659,State Univ. of New York - College at Plattsburgh
660,State Univ. of New York - Downstate Medical Center
661,State Univ. of New York - Maritime College
662,State Univ. of New York - Upstate Medical University
663,Syracuse University
664,Teachers College at Columbia University
665,Touro College
666,Union College (NY)
667,U.S. Military Academy
668,Utica College
669,Vassar College
670,Webb Institute
671,Yeshiva University
672,Appalachian State University
673,Bennett College
674,Davidson College
675,Duke University
676,East Carolina University
677,Elizabeth City State University
678,Elon University
679,Fayetteville State University
680,Johnson C. Smith University
681,North Carolina A&T State University
682,University of North Carolina - Asheville
683,University of North Carolina - Chapel Hill
684,University of North Carolina - Charlotte
685,University of North Carolina - Greensboro
686,North Carolina Central University
687,University of North Carolina - System
688,North Carolina State University
689,University of North Carolina - Wilmington
690,University of North Carolina - Pembroke
691,Shaw University
692,St. Andrews University
693,Wake Forest University
694,Winston-Salem State University
695,Western Carolina University
696,Dickinson State University
697,Mayville State University
698,Minot State University
699,University of North Dakota
700,North Dakota State University
701,Sitting Bull College
702,Turtle Mountain Community College
703,Valley City State University
704,Air Force Institute of Technology
705,University of Akron - Akron
706,Ashland University
707,Baldwin Wallace University
708,Bowling Green State University - Bowling Green
709,Case Western Reserve University
710,Central State University
711,University of Cincinnati - Cincinnati
712,Cleveland State University
713,University of Dayton
714,Denison University
715,University of Findlay
716,Heidelberg University
717,John Carroll University
718,Kent State University - Kent
719,Kenyon College
720,Marietta College
721,Medical College of Ohio
722,Miami University - Oxford
723,Muskingum University
724,Notre Dame College
725,Northeast Ohio Medical University
726,Oberlin College
727,Ohio Dominican University
728,Ohio Northern University
729,Ohio State University - Columbus
730,Ohio University - Athens
731,Ohio Wesleyan University
732,University of Toledo
733,Union Institute & University
734,Wilberforce University
735,Wittenberg University
736,College of Wooster
737,Wright State University - Dayton
738,Xavier University (OH)
739,Youngstown State University
740,University of Central Oklahoma
741,East Central University
742,Langston University
743,Northeastern State University
744,Oklahoma State University Center for Health Sciences
745,University of Oklahoma - Health Sciences Center
746,Oklahoma Panhandle State University
747,Oklahoma State University - Stillwater
748,Oklahoma City University
749,University of Oklahoma - Norman
750,Oral Roberts University
751,Southeastern Oklahoma State University
752,Southwestern Oklahoma State University
753,University of Tulsa
754,Eastern Oregon University
755,Lewis & Clark College
756,Linfield College - McMinnville
757,National University of Natural Medicine
758,OGI School of Science & Engineering at OSHU
759,Oregon Health & Science University
760,Oregon Institute of Technology
761,Oregon State University
762,University of Oregon
763,Pacific University
764,Portland Community College
765,Portland State University
766,University of Portland
767,Reed College
768,Southern Oregon University
769,Willamette University
770,Western Oregon University
771,University of Western States
772,Bryn Athyn College of the New Church
773,Allegheny College (PA)
774,Arcadia University
775,Bloomsburg University of Pennsylvania
776,Bryn Mawr College
777,Bucknell University
778,California University of Pennsylvania
779,Carnegie Mellon University
780,Cheyney University of Pennsylvania
781,Clarion University of Pennsylvania - Clarion
782,Dickinson College
783,Drexel University
784,Duquesne University
785,East Stroudsburg University of Pennsylvania
786,Edinboro University of Pennsylvania
787,Elizabethtown College
788,Franklin & Marshall College
789,Gannon University
790,Gettysburg College
791,MCP Hahnemann University
792,Haverford College
793,Indiana University of Pennsylvania
794,Juniata College
795,King's College (PA)
796,Kutztown University of Pennsylvania
797,La Salle University
798,Lafayette College
799,Lehigh University
800,Lincoln University (PA)
801,Lycoming College
802,Marywood University
803,Mercyhurst University
804,Messiah University
805,Millersville University of Pennsylvania
806,Moravian College and Theological Seminary
807,Muhlenberg College
808,Salus University
809,Pennsylvania State University - Erie-Behrend College
810,Pennsylvania State University - Great Valley
811,Pennsylvania State University - Hershey Medical Ctr
812,Pennsylvania State University - Wilkes-Barre
813,Pennsylvania State University - Worthington Scranton
814,Pennsylvania State University - Lehigh Valley
815,Pennsylvania State University - Altoona
816,Pennsylvania State University - Beaver
817,Pennsylvania State University - Berks
818,Pennsylvania State University - Harrisburg
819,Pennsylvania State University - Brandywine
820,Pennsylvania State University - University Park
821,Pennsylvania State University - Greater Allegheny
822,Peirce College
823,University of Pennsylvania
824,Jefferson (Philadelphia U + Thomas Jefferson U)
825,Philadelphia College of Osteopathic Medicine
826,University of the Sciences
827,University of Pittsburgh - Bradford
828,University of Pittsburgh - Pittsburgh
829,Point Park University
830,Saint Francis University (PA)
831,Saint Joseph's University
832,Saint Vincent College
833,University of Scranton
834,Shippensburg University of Pennsylvania
835,Slippery Rock University of Pennsylvania
836,Susquehanna University
837,Swarthmore College
838,Temple University
839,Thiel College
840,Thomas Jefferson University
841,Ursinus College
842,Villanova University
843,Washington & Jefferson College
844,West Chester University of Pennsylvania
845,Westminster College (PA)
846,Widener University (Multiple campuses)
847,Wilkes University
848,Brown University
849,Bryant University
850,Providence College
851,Rhode Island College
852,University of Rhode Island
853,Rhode Island School of Design
854,Roger Williams University
855,Salve Regina University
856,Allen University
857,Benedict College
858,College of Charleston
859,Citadel Military College of South Carolina
860,Claflin University
861,Clemson University
862,Coker University
863,Converse College
864,Francis Marion University
865,Furman University
866,Medical University of South Carolina
867,Morris College
868,University of South Carolina - Aiken
869,University of South Carolina - Beaufort
870,University of South Carolina - Columbia
871,Coastal Carolina University
872,South Carolina State University
873,University of South Carolina - Upstate
874,Sherman College of Chiropractic
875,Voorhees College
876,Winthrop University
877,York Technical College
878,Augustana University (SD)
879,Black Hills State University
880,Dakota State University
881,Dakota Wesleyan University
882,Northern State University
883,Oglala Lakota College
884,South Dakota School of Mines and Technology
885,South Dakota State University
886,Sinte Gleska University
887,University of Sioux Falls
888,University of South Dakota
889,Austin Peay State University
890,Carson-Newman University
891,Christian Brothers University
892,East Tennessee State University
893,Fisk University
894,Knoxville College
895,Le Moyne-Owen College
896,Meharry Medical College
897,University of Memphis
898,Middle Tennessee State University
899,Rhodes College (TN)
900,University of the South
901,Southern College of Optometry
902,University of Tennessee - Chattanooga
903,University of Tennessee - Knoxville
904,University of Tennessee - Martin
905,Tennessee State University
906,Tennessee Technological University
907,Vanderbilt University
908,Abilene Christian University
909,Angelo State University
910,Austin College
911,Texas A&M Health Science Center
912,Baylor College of Dentistry
913,Baylor College of Medicine
914,Baylor University
915,Texas A&M University - Corpus Christi
916,University of Dallas
917,Texas A&M University - Texarkana
918,Texas A&M University - Commerce
919,Houston Baptist University
920,University of Houston - Clear Lake
921,University of Houston - Downtown
922,University of Houston - Victoria
923,University of Houston - University Park
924,University of the Incarnate Word
925,Jarvis Christian College
926,Lamar University
927,Texas A&M International University
928,LeTourneau University
929,Midwestern State University
930,University of North Texas
931,University of Texas - Rio Grande Valley
932,Texas Southmost College
933,Paul Quinn College
934,Prairie View A&M University
935,Rice University
936,Saint Edward's University
937,Sam Houston State University
938,St. Mary's University (TX)
939,Southern Methodist University
940,Southwestern University
941,Stephen F. Austin State University
942,Texas State University
943,Sul Ross State University
944,Tarleton State University
945,University of Texas SW Medical Center - Dallas
946,University of Texas Health Science Ctr - San Antonio
947,University of Texas Medical Branch - Galveston
948,Texas State Technical College (Multiple campuses)
949,Texas A&M University - Kingsville
950,Texas A&M University - Galveston
951,Texas A&M University - College Station
952,University of Texas - Arlington
953,University of Texas - Austin
954,University of Texas - Dallas
955,University of Texas - El Paso
956,University of Texas - Tyler
957,Texas Chiropractic College Foundation Inc.
958,Texas Christian University
959,University of North Texas Health Science Center
960,Texas Lutheran University
961,University of Texas - Permian Basin
962,University of Texas - San Antonio
963,Texas Southern University
964,Texas Tech University
965,Texas Wesleyan University
966,Texas Woman's University
967,Trinity University
968,University of Texas Health Science Center - Houston
969,Texas Tech University Health Sciences Center
970,University of Houston - System Administration
971,West Texas A&M University
972,Wiley College
973,Brigham Young University - Provo
974,Southern Utah University
975,Utah State University
976,Utah Valley University
977,University of Utah
978,Weber State University
979,Castleton University
980,Green Mountain College
981,Northern Vermont University
982,Middlebury College
983,Norwich University
984,Saint Michael's College
985,University of Vermont
986,College of William and Mary
987,Regent University
988,Christopher Newport University
989,Eastern Virginia Medical School
990,Eastern Mennonite University
991,Ferrum College
992,George Mason University
993,Hampden-Sydney College
994,Hampton University
995,Hollins University
996,Institute of Textile Technology
997,James Madison University
998,Liberty University
999,Longwood University
1000,University of Mary Washington
1001,Norfolk State University
1002,Old Dominion University
1003,Radford University
1004,University of Richmond
1005,Roanoke College
1006,Sweet Briar College
1007,University of Virginia - College at Wise
1008,Virginia Polytechnic Institute and State University
1009,Virginia Commonwealth University
1010,University of Virginia
1011,Virginia Military Institute
1012,Virginia State University
1013,Virginia Union University
1014,Washington and Lee University
1015,Central Washington University
1016,Eastern Washington University
1017,Evergreen State College
1018,Gonzaga University
1019,Grays Harbor College
1020,Heritage University (WA)
1021,Bastyr University
1022,Pacific Lutheran University
1023,University of Puget Sound
1024,Seattle Pacific University
1025,Seattle University
1026,Walla Walla University
1027,Washington State University - Pullman
1028,University of Washington - Seattle
1029,Western Washington University
1030,Whitman College
1031,Whitworth University
1032,Alderson Broaddus University
1033,Mountain State University
1034,Bluefield State College
1035,Concord University
1036,Fairmont State University
1037,Marshall University
1038,Salem University
1039,Shepherd University
1040,West Virginia School of Osteopathic Medicine
1041,West Virginia State University
1042,West Liberty University
1043,West Virginia Wesleyan College
1044,West Virginia University
1045,Wheeling University
1046,Alverno College
1047,Beloit College
1048,Carroll University (WI)
1049,Carthage College
1050,Concordia University - Wisconsin
1051,Institute of Paper Science and Technology
1052,Lawrence University
1053,Marquette University
1054,Medical College of Wisconsin
1055,Milwaukee Area Technical College
1056,Milwaukee School of Engineering
1057,Ripon College
1058,Saint Norbert College
1059,Waukesha County Technical College
1060,University of Wisconsin - Whitewater
1061,University of Wisconsin - Eau Claire
1062,University of Wisconsin - Green Bay
1063,University of Wisconsin - La Crosse
1064,University of Wisconsin - Oshkosh
1065,University of Wisconsin - Parkside
1066,University of Wisconsin - Stout
1067,University of Wisconsin - Superior
1068,University of Wisconsin - Madison
1069,University of Wisconsin - Milwaukee
1070,University of Wisconsin - Platteville
1071,University of Wisconsin - River Falls
1072,University of Wisconsin - Stevens Point
1073,University of Wyoming
1074,American Samoa Community College
1075,University of Guam
1076,Northern Marianas College
1077,Carlos Albizu University - San Juan
1078,Pontifical Catholic University of Puerto Rico - Ponce
1079,Universidad Ana G. Mendez - Cupey Campus
1080,Inter American University of Puerto Rico - Central Office
1081,Ponce Health Sciences University
1082,University of Puerto Rico - Aguadilla
1083,University of Puerto Rico - Cayey
1084,University of Puerto Rico - Humacao
1085,University of Puerto Rico - Mayaguez
1086,University of Puerto Rico - Medical Sciences
1087,University of Puerto Rico - Ponce
1088,University of Puerto Rico - Rio Piedras
1089,Universidad Ana G. Mendez - Carolina Campus
1090,Universidad Central del Caribe
1091,Polytechnic University of Puerto Rico
1092,Universidad Ana G. Mendez - Gurabo Campus
1093,University of the Virgin Islands
1094,Stanford University
1095,University of Connecticut - Health Center
1096,Purdue University - West Lafayette
1097,Parker University
1098,Antioch University - New England
1099,New College of Florida
1100,Mayo Clinic Graduate School of Biomedical Sciences
1101,California State University - San Marcos
1102,University of Washington - Bothell
1103,University of Washington - Tacoma
1104,Northwest Indian College
1105,University of Maryland Biotechnology Institute
1106,University of Maryland Center for Environmental Science
1107,Lake Erie College of Osteopathic Medicine
1108,Erikson Institute
1109,California State University - Monterey Bay
1110,College of Menominee Nation
1111,University of Texas MD Anderson Cancer Center
1112,Southwest College of Naturopathic Med & Health Sci
1113,National Defense University
1114,San Juan Bautista School of Medicine
1115,Naval War College
1116,Florida Gulf Coast University
1117,Louisiana State University Health Sciences Ctr - Shreveport
1118,Scripps Research Institute
1119,Cold Spring Harbor Laboratory
1120,Desert Research Institute
1121,Marine Corps University
1122,Sage Colleges System Office
1123,Keck Graduate Institute
1124,Nevada State College
1125,California State University - Channel Islands
1126,Franklin W. Olin College of Engineering
1127,Edward Via College of Osteopathic Medicine
1128,International Technological University
1129,Toyota Technological Institute at Chicago
1130,University of California - Merced
1131,Roseman University of Health Sciences
1132,Union Graduate College
1133,Georgia Gwinnett College
1134,University of South Florida - St. Petersburg
1135,University of South Florida - Sarasota-Manatee
1136,U. of South Florida Polytechnic
1137,Pacific Northwest University of Health Sciences
1138,Geisinger Commonwealth School of Medicine
1139,University of Minnesota - Rochester
1140,Gerstner Sloan-Kettering Graduate Schl of Biomed Sci
1141,Richard Gilder Graduate School at the Am Mus of Nat History
1142,Touro University California
1143,Texas A&M University - San Antonio
1144,North American University
1145,Relay Graduate School of Education
1146,Sanford-Burnham Prebys Medical Discovery Institute
1147,Augusta University
1148,University of North Georgia
1149,Florida Polytechnic University
1150,Texas A&M University - Central Texas
1151,High Tech High Graduate School of Ed.
1152,University of Texas Health Science Center - Tyler
1153,Kennesaw State University
1154,University of Tennessee Health Science Center
1155,Burrell C. of Osteopathic Medicine
1156,Purdue University Northwest
1157,Texas Tech University Health Sciences Center - El Paso
1158,SANS Technology Institute
1159,Palmer College of Chiropractic (FL)
1160,Olivet University
1161,National Flight Test Institute
1162,Future Generations Graduate School
1163,University of Tennessee - Institute of Agriculture
1164,Oklahoma State University - Tulsa
1165,Cedars-Sinai Medical Center
1166,Skidaway Institute of Oceanography
1167,New England Institute
1168,59th Dental Training Squadron
1169,City University of NY - Advanced Science Research Center
1170,Van Andel Institute
1171,University of Oklahoma - Tulsa
1172,City University of NY - Grad Schl Public Hlth & Hlth Policy
